Model Name,Mean Absolute Error,Mean Absolute Percentage Error,Mean Squared Error,Root Mean Squared Error,Mean Squared Log Error,Root Mean Squared Log Error
LinearRegression,56.31117131220661,0.08542753324843942,3402.3304369760945,58.32949885757716,0.007817294853324814,0.08841546727425476
Lasso,56.162343633562635,0.08529150725273954,3382.955814600872,58.16318263816787,0.007793870373274455,0.08828289966507928
DecisionTreeRegressor,0.21899841260001213,0.0003107718483504098,0.4929661110858697,0.7021154542422988,9.407247540663509e-07,0.0009699096628379113
RandomForestRegressor,0.5572539364610168,0.0008585737861580723,4.234144704951412,2.0577037456717164,1.0875394607170865e-05,0.0032977863192103374
GradientBoostingRegressor,0.7667694138749972,0.001164632912222164,0.9913364250600696,0.9956587894756264,2.2794800245725256e-06,0.0015097946961665104
